Jahr;Monat;Branche_Code;Branche_Label;Ins_opened;Ins_rejected;Insolvenzen;Ins_total(t-1);Delta(t-1);Arbeitnehmer;Forderungen;InsolvenzenVeraenderung
2022;8;WZ08-55;Beherbergung;4;1;5;4;25;75;2.1;-0.6132
2022;8;WZ08-551;Hotels;3;1;4;4;0;75;2.1;-0.6273
2022;8;WZ08-56;Gastronomie;59;24;83;92;-9.8;262;9.8;-0.4851
2022;8;WZ08-561;Restaurants & Cafes;52;18;70;72;-2.8;207;8.4;-0.4296
2022;8;WZ08-562;Caterer;4;3;7;7;0;54;0.9;-0.415
2022;8;WZ08-563;Bars & Clubs;3;3;6;13;-53.8;1;0.5;-0.7736
2022;7;WZ08-55;Beherbergung;5;2;7;4;75;6;1.2;-0.4585
2022;7;WZ08-551;Hotels;4;1;5;3;66.7;6;0.8;-0.5341
2022;7;WZ08-56;Gastronomie;65;26;91;120;-24.2;199;14.1;-0.4354
2022;7;WZ08-561;Restaurants & Cafes;50;22;72;94;-23.4;180;11.9;-0.4133
2022;7;WZ08-562;Caterer;6;1;7;13;-46.2;12;1.7;-0.415
2022;7;WZ08-563;Bars & Clubs;9;3;12;13;-7.7;7;0.5;-0.5472
2022;6;WZ08-55;Beherbergung;5;4;9;7;28.6;19;2.6;-0.3038
2022;6;WZ08-551;Hotels;3;4;7;6;16.7;10;2;-0.3478
2022;6;WZ08-56;Gastronomie;63;27;90;115;-21.7;214;18.3;-0.4416
2022;6;WZ08-561;Restaurants & Cafes;53;22;75;89;-15.7;164;15.4;-0.3888
2022;6;WZ08-562;Caterer;5;2;7;14;-50;50;1.8;-0.415
2022;6;WZ08-563;Bars & Clubs;5;3;8;12;-33.3;;1.1;-0.6981
2022;5;WZ08-55;Beherbergung;3;3;6;12;-50;651;11.8;-0.5359
2022;5;WZ08-551;Hotels;2;2;4;9;-55.6;651;11.6;-0.6273
2022;5;WZ08-56;Gastronomie;69;22;91;102;-10.8;195;13.1;-0.4354
2022;5;WZ08-561;Restaurants & Cafes;56;19;75;80;-6.3;103;10.1;-0.3888
2022;5;WZ08-562;Caterer;5;1;6;4;50;88;2.1;-0.4986
2022;5;WZ08-563;Bars & Clubs;8;2;10;18;-44.4;4;0.9;-0.6226
2022;4;WZ08-55;Beherbergung;1;2;3;8;-62.5;;0.1;-0.7679
2022;4;WZ08-551;Hotels;;2;2;8;-75;;;-0.8137
2022;4;WZ08-56;Gastronomie;75;24;99;123;-19.5;218;18.3;-0.3858
2022;4;WZ08-561;Restaurants & Cafes;55;17;72;98;-26.5;165;14.9;-0.4133
2022;4;WZ08-562;Caterer;9;4;13;9;44.4;35;2.1;0.0865
2022;4;WZ08-563;Bars & Clubs;11;3;14;16;-12.5;18;1.3;-0.4717
2022;3;WZ08-55;Beherbergung;2;1;3;20;-85;2;1.5;-0.7679
2022;3;WZ08-551;Hotels;1;1;2;19;-89.5;;;-0.8137
2022;3;WZ08-56;Gastronomie;78;37;115;139;-17.3;244;23.7;-0.2865
2022;3;WZ08-561;Restaurants & Cafes;69;32;101;110;-8.2;219;18.5;-0.177
2022;3;WZ08-562;Caterer;5;2;7;9;-22.2;13;4.2;-0.415
2022;3;WZ08-563;Bars & Clubs;4;3;7;20;-65;12;1;-0.7358
2022;2;WZ08-55;Beherbergung;2;2;4;13;-69.2;;;-0.6906
2022;2;WZ08-551;Hotels;1;2;3;12;-75;;;-0.7205
2022;2;WZ08-56;Gastronomie;72;25;97;104;-6.7;;;-0.3982
2022;2;WZ08-561;Restaurants & Cafes;56;17;73;84;-13.1;92;11.4;-0.4051
2022;2;WZ08-562;Caterer;7;3;10;10;0;49;2.2;-0.1643
2022;2;WZ08-563;Bars & Clubs;9;5;14;10;40;17;1.1;-0.4717
2022;1;WZ08-55;Beherbergung;2;;2;12;-83.3;;;-0.8453
2022;1;WZ08-551;Hotels;2;;2;11;-81.8;;;-0.8137
2022;1;WZ08-56;Gastronomie;49;33;82;127;-35.4;;;-0.4913
2022;1;WZ08-561;Restaurants & Cafes;37;21;58;101;-42.6;102;7;-0.5274
2022;1;WZ08-562;Caterer;3;7;10;11;-9.1;29;0.7;-0.1643
2022;1;WZ08-563;Bars & Clubs;9;5;14;15;-6.7;12;1.1;-0.4717
2021;12;WZ08-55;Beherbergung;4;1;5;12;-58.3;12;1;-0.6132
2021;12;WZ08-551;Hotels;3;1;4;12;-66.7;12;1;-0.6273
2021;12;WZ08-56;Gastronomie;61;20;81;106;-23.6;162;11.8;-0.4975
2021;12;WZ08-561;Restaurants & Cafes;43;15;58;86;-32.6;128;8.7;-0.5274
2021;12;WZ08-562;Caterer;4;1;5;6;-16.7;18;0.2;-0.5821
2021;12;WZ08-563;Bars & Clubs;14;4;18;14;28.6;16;2.9;-0.3208
2021;11;WZ08-55;Beherbergung;2;3;5;13;-61.5;;;-0.6132
2021;11;WZ08-551;Hotels;2;3;5;12;-58.3;;;-0.5341
2021;11;WZ08-56;Gastronomie;79;18;97;118;-17.8;;;-0.3982
2021;11;WZ08-561;Restaurants & Cafes;62;11;73;94;-22.3;235;12.5;-0.4051
2021;11;WZ08-562;Caterer;8;2;10;9;11.1;30;1.4;-0.1643
2021;11;WZ08-563;Bars & Clubs;9;5;14;15;-6.7;2;1.8;-0.4717
2021;10;WZ08-55;Beherbergung;2;;2;7;-71.4;;;-0.8453
2021;10;WZ08-551;Hotels;2;;2;7;-71.4;;;-0.8137
2021;10;WZ08-56;Gastronomie;54;36;90;114;-21.1;;;-0.4416
2021;10;WZ08-561;Restaurants & Cafes;42;28;70;88;-20.5;119;9.2;-0.4296
2021;10;WZ08-562;Caterer;6;3;9;13;-30.8;49;4.7;-0.2478
2021;10;WZ08-563;Bars & Clubs;6;5;11;13;-15.4;2;0.8;-0.5849
2021;9;WZ08-55;Beherbergung;2;2;4;13;-69.2;32;2.2;-0.6906
2021;9;WZ08-551;Hotels;2;1;3;12;-75;30;2.2;-0.7205
2021;9;WZ08-56;Gastronomie;76;17;93;111;-16.2;152;17.5;-0.423
2021;9;WZ08-561;Restaurants & Cafes;61;14;75;85;-11.8;107;12.5;-0.3888
2021;9;WZ08-562;Caterer;8;2;10;7;42.9;32;2;-0.1643
2021;9;WZ08-563;Bars & Clubs;7;1;8;19;-57.9;13;2.9;-0.6981
2021;8;WZ08-55;Beherbergung;2;2;4;8;-50;1;0.4;-0.6906
2021;8;WZ08-551;Hotels;2;2;4;7;-42.9;1;0.4;-0.6273
2021;8;WZ08-56;Gastronomie;58;34;92;115;-20;114;13.4;-0.4292
2021;8;WZ08-561;Restaurants & Cafes;50;22;72;89;-19.1;90;11.1;-0.4133
2021;8;WZ08-562;Caterer;4;3;7;6;16.7;9;0.8;-0.415
2021;8;WZ08-563;Bars & Clubs;4;9;13;20;-35;15;1.5;-0.5094
2021;7;WZ08-55;Beherbergung;3;1;4;8;-50;9;0.6;-0.6906
2021;7;WZ08-551;Hotels;3;;3;6;-50;5;0.3;-0.7205
2021;7;WZ08-56;Gastronomie;83;37;120;146;-17.8;197;20.8;-0.2555
2021;7;WZ08-561;Restaurants & Cafes;64;30;94;113;-16.8;161;17;-0.234
2021;7;WZ08-562;Caterer;10;3;13;10;30;22;1.2;0.0865
2021;7;WZ08-563;Bars & Clubs;9;4;13;23;-43.5;14;2.6;-0.5094
2021;6;WZ08-55;Beherbergung;6;1;7;16;-56.3;52;2.7;-0.4585
2021;6;WZ08-551;Hotels;6;;6;15;-60;51;2.6;-0.441
2021;6;WZ08-56;Gastronomie;85;30;115;151;-23.8;202;15.3;-0.2865
2021;6;WZ08-561;Restaurants & Cafes;65;24;89;127;-29.9;134;11.8;-0.2747
2021;6;WZ08-562;Caterer;11;3;14;9;55.6;52;2.3;0.17
2021;6;WZ08-563;Bars & Clubs;9;3;12;15;-20;16;1.2;-0.5472
2021;5;WZ08-55;Beherbergung;10;2;12;13;-7.7;22;4.2;-0.0717
2021;5;WZ08-551;Hotels;8;1;9;12;-25;3;3;-0.1614
2021;5;WZ08-56;Gastronomie;64;38;102;151;-32.5;183;14.1;-0.3672
2021;5;WZ08-561;Restaurants & Cafes;48;32;80;113;-29.2;151;12.3;-0.3481
2021;5;WZ08-562;Caterer;3;1;4;16;-75;1;0.3;-0.6657
2021;5;WZ08-563;Bars & Clubs;13;5;18;22;-18.2;31;1.5;-0.3208
2021;4;WZ08-55;Beherbergung;6;2;8;10;-20;7;2.1;-0.3811
2021;4;WZ08-551;Hotels;6;2;8;8;0;7;2.1;-0.2546
2021;4;WZ08-56;Gastronomie;85;38;123;149;-17.4;475;14.5;-0.2369
2021;4;WZ08-561;Restaurants & Cafes;67;31;98;113;-13.3;368;12.6;-0.2014
2021;4;WZ08-562;Caterer;7;2;9;11;-18.2;67;0.8;-0.2478
2021;4;WZ08-563;Bars & Clubs;11;5;16;25;-36;40;1;-0.3962
2021;3;WZ08-55;Beherbergung;15;5;20;6;233.3;230;25.2;0.5471
2021;3;WZ08-551;Hotels;14;5;19;5;280;230;24.9;0.7703
2021;3;WZ08-56;Gastronomie;97;42;139;156;-10.9;378;19.6;-0.1376
2021;3;WZ08-561;Restaurants & Cafes;77;33;110;121;-9.1;173;14.2;-0.1036
2021;3;WZ08-562;Caterer;6;3;9;9;0;179;3.7;-0.2478
2021;3;WZ08-563;Bars & Clubs;14;6;20;26;-23.1;26;1.6;-0.2453
2021;2;WZ08-55;Beherbergung;12;1;13;11;18.2;90;8.9;0.0056
2021;2;WZ08-551;Hotels;12;;12;10;20;90;8.9;0.1181
2021;2;WZ08-56;Gastronomie;75;29;104;156;-33.3;153;12.7;-0.3548
2021;2;WZ08-561;Restaurants & Cafes;59;25;84;119;-29.4;114;10.4;-0.3155
2021;2;WZ08-562;Caterer;8;2;10;18;-44.4;11;1;-0.1643
2021;2;WZ08-563;Bars & Clubs;8;2;10;19;-47.4;28;1.2;-0.6226
2021;1;WZ08-55;Beherbergung;11;1;12;13;-7.7;179;7;-0.0717
2021;1;WZ08-551;Hotels;10;1;11;10;10;177;7;0.0249
2021;1;WZ08-56;Gastronomie;81;46;127;172;-26.2;1164;58.4;-0.2121
2021;1;WZ08-561;Restaurants & Cafes;64;37;101;134;-24.6;1078;53.7;-0.177
2021;1;WZ08-562;Caterer;8;3;11;14;-21.4;37;1.3;-0.0807
2021;1;WZ08-563;Bars & Clubs;9;6;15;24;-37.5;49;3.4;-0.434
2020;12;WZ08-55;Beherbergung;9;3;12;4;200;62;3.4;-0.0717
2020;12;WZ08-551;Hotels;9;3;12;3;300;62;3.4;0.1181
2020;12;WZ08-56;Gastronomie;74;32;106;136;-22.1;402;20.6;-0.3424
2020;12;WZ08-561;Restaurants & Cafes;59;27;86;112;-23.2;317;14.8;-0.2992
2020;12;WZ08-562;Caterer;6;;6;10;-40;75;4.5;-0.4986
2020;12;WZ08-563;Bars & Clubs;9;5;14;14;0;10;1.2;-0.4717
2020;11;WZ08-55;Beherbergung;8;5;13;10;30;64;7.2;0.0056
2020;11;WZ08-551;Hotels;8;4;12;10;20;64;7.2;0.1181
2020;11;WZ08-56;Gastronomie;86;32;118;148;-20.3;379;23.8;-0.2679
2020;11;WZ08-561;Restaurants & Cafes;69;25;94;113;-16.8;251;20;-0.234
2020;11;WZ08-562;Caterer;9;;9;10;-10;71;1.1;-0.2478
2020;11;WZ08-563;Bars & Clubs;8;7;15;25;-40;57;2.7;-0.434
2020;10;WZ08-55;Beherbergung;7;;7;9;-22.2;223;44.9;-0.4585
2020;10;WZ08-551;Hotels;7;;7;8;-12.5;223;44.9;-0.3478
2020;10;WZ08-56;Gastronomie;79;34;113;161;-29.8;376;16.7;-0.2989
2020;10;WZ08-561;Restaurants & Cafes;60;28;88;127;-30.7;232;13.3;-0.2829
2020;10;WZ08-562;Caterer;11;1;12;11;9.1;126;2.8;0.0029
2020;10;WZ08-563;Bars & Clubs;8;5;13;23;-43.5;18;0.6;-0.5094
2020;9;WZ08-55;Beherbergung;9;4;13;7;85.7;314;34.5;0.0056
2020;9;WZ08-551;Hotels;8;4;12;7;71.4;314;34.3;0.1181
2020;9;WZ08-56;Gastronomie;77;34;111;160;-30.6;549;37.4;-0.3113
2020;9;WZ08-561;Restaurants & Cafes;58;27;85;127;-33.1;376;33.4;-0.3073
2020;9;WZ08-562;Caterer;6;1;7;11;-36.4;150;2.4;-0.415
2020;9;WZ08-563;Bars & Clubs;13;6;19;22;-13.6;23;1.6;-0.283
2020;8;WZ08-55;Beherbergung;7;1;8;10;-20;176;15.6;-0.3811
2020;8;WZ08-551;Hotels;6;1;7;10;-30;168;15.2;-0.3478
2020;8;WZ08-56;Gastronomie;64;51;115;183;-37.2;417;19.9;-0.2865
2020;8;WZ08-561;Restaurants & Cafes;52;37;89;131;-32.1;403;17.3;-0.2747
2020;8;WZ08-562;Caterer;2;4;6;12;-50;2;0.7;-0.4986
2020;8;WZ08-563;Bars & Clubs;10;10;20;40;-50;12;1.9;-0.2453
2020;7;WZ08-55;Beherbergung;6;2;8;11;-27.3;122;3.2;-0.3811
2020;7;WZ08-551;Hotels;5;1;6;10;-40;102;3.1;-0.441
2020;7;WZ08-56;Gastronomie;96;50;146;174;-16.1;2927;64.7;-0.0942
2020;7;WZ08-561;Restaurants & Cafes;76;37;113;143;-21;2663;51.6;-0.0792
2020;7;WZ08-562;Caterer;7;3;10;9;11.1;225;10.2;-0.1643
2020;7;WZ08-563;Bars & Clubs;13;10;23;22;4.5;39;2.9;-0.1321
2020;6;WZ08-55;Beherbergung;14;2;16;14;14.3;174;2.7;0.2377
2020;6;WZ08-551;Hotels;13;2;15;14;7.1;174;2.6;0.3976
2020;6;WZ08-56;Gastronomie;110;41;151;165;-8.5;1449;1057.7;-0.0632
2020;6;WZ08-561;Restaurants & Cafes;91;36;127;128;-0.8;1291;1051.1;0.0349
2020;6;WZ08-562;Caterer;8;1;9;12;-25;123;6.1;-0.2478
2020;6;WZ08-563;Bars & Clubs;11;4;15;25;-40;35;0.6;-0.434
2020;5;WZ08-55;Beherbergung;10;3;13;5;160;84;2.4;0.0056
2020;5;WZ08-551;Hotels;9;3;12;5;140;79;2.4;0.1181
2020;5;WZ08-56;Gastronomie;111;40;151;180;-16.1;696;23.1;-0.0632
2020;5;WZ08-561;Restaurants & Cafes;86;27;113;141;-19.9;557;20.5;-0.0792
2020;5;WZ08-562;Caterer;12;4;16;11;45.5;57;1.1;0.3372
2020;5;WZ08-563;Bars & Clubs;13;9;22;28;-21.4;82;1.6;-0.1698
2020;4;WZ08-55;Beherbergung;9;1;10;13;-23.1;138;8.4;-0.2264
2020;4;WZ08-551;Hotels;7;1;8;12;-33.3;138;5.6;-0.2546
2020;4;WZ08-56;Gastronomie;93;56;149;176;-15.3;362;20.4;-0.0756
2020;4;WZ08-561;Restaurants & Cafes;73;40;113;142;-20.4;282;17.5;-0.0792
2020;4;WZ08-562;Caterer;9;2;11;19;-42.1;40;1.4;-0.0807
2020;4;WZ08-563;Bars & Clubs;11;14;25;15;66.7;40;1.5;-0.0566
2020;3;WZ08-55;Beherbergung;4;2;6;15;-60;4;0.5;-0.5359
2020;3;WZ08-551;Hotels;3;2;5;13;-61.5;4;0.5;-0.5341
2020;3;WZ08-56;Gastronomie;116;40;156;184;-15.2;526;22.4;-0.0321
2020;3;WZ08-561;Restaurants & Cafes;95;26;121;150;-19.3;453;17.9;-0.014
2020;3;WZ08-562;Caterer;5;4;9;14;-35.7;3;0.8;-0.2478
2020;3;WZ08-563;Bars & Clubs;16;10;26;20;30;70;3.7;-0.0189
2020;2;WZ08-55;Beherbergung;8;3;11;9;22.2;46;2.6;-0.1491
2020;2;WZ08-551;Hotels;8;2;10;7;42.9;45;2.5;-0.0683
2020;2;WZ08-56;Gastronomie;119;37;156;174;-10.3;676;24.4;-0.0321
2020;2;WZ08-561;Restaurants & Cafes;92;27;119;143;-16.8;453;17.3;-0.0303
2020;2;WZ08-562;Caterer;14;4;18;8;125;178;4.2;0.5043
2020;2;WZ08-563;Bars & Clubs;13;6;19;23;-17.4;45;2.8;-0.283
2020;1;WZ08-55;Beherbergung;12;1;13;7;85.7;58;1.9;0.0056
2020;1;WZ08-551;Hotels;10;;10;7;42.9;54;1.8;-0.0683
2020;1;WZ08-56;Gastronomie;124;48;172;201;-14.4;469;23.3;0.0671
2020;1;WZ08-561;Restaurants & Cafes;97;37;134;157;-14.6;354;19.2;0.092
2020;1;WZ08-562;Caterer;11;3;14;15;-6.7;45;1.6;0.17
2020;1;WZ08-563;Bars & Clubs;16;8;24;29;-17.2;70;2.5;-0.0943
2019;12;WZ08-55;Beherbergung;3;1;4;3;33.3;6;3;-0.6906
2019;12;WZ08-551;Hotels;2;1;3;3;0;3;2.9;-0.7205
2019;12;WZ08-56;Gastronomie;117;19;136;165;-17.6;1102;25.9;-0.1562
2019;12;WZ08-561;Restaurants & Cafes;97;15;112;133;-15.8;751;21.2;-0.0873
2019;12;WZ08-562;Caterer;9;1;10;8;25;306;3.2;-0.1643
2019;12;WZ08-563;Bars & Clubs;11;3;14;24;-41.7;45;1.4;-0.4717
2019;11;WZ08-55;Beherbergung;3;1;4;3;33.3;6;3;-0.6906
2019;11;WZ08-551;Hotels;2;1;3;3;0;3;2.9;-0.7205
2019;11;WZ08-56;Gastronomie;117;19;136;165;-17.6;1102;25.9;-0.1562
2019;11;WZ08-561;Restaurants & Cafes;97;15;112;133;-15.8;751;21.2;-0.0873
2019;11;WZ08-562;Caterer;9;1;10;8;25;306;3.2;-0.1643
2019;11;WZ08-563;Bars & Clubs;11;3;14;24;-41.7;45;1.4;-0.4717
2019;10;WZ08-55;Beherbergung;8;1;9;7;28.6;27;1.5;-0.3038
2019;10;WZ08-551;Hotels;8;;8;7;14.3;27;1.4;-0.2546
2019;10;WZ08-56;Gastronomie;121;40;161;184;-12.5;741;27.6;-0.0011
2019;10;WZ08-561;Restaurants & Cafes;96;31;127;140;-9.3;429;14.9;0.0349
2019;10;WZ08-562;Caterer;8;3;11;16;-31.3;244;9.3;-0.0807
2019;10;WZ08-563;Bars & Clubs;17;6;23;28;-17.9;68;3.4;-0.1321
2019;9;WZ08-55;Beherbergung;6;1;7;14;-50;55;2.8;-0.4585
2019;9;WZ08-551;Hotels;6;1;7;13;-46.2;55;2.8;-0.3478
2019;9;WZ08-56;Gastronomie;108;52;160;191;-16.2;476;20.5;-0.0073
2019;9;WZ08-561;Restaurants & Cafes;88;39;127;148;-14.2;396;17.3;0.0349
2019;9;WZ08-562;Caterer;6;5;11;20;-45;54;1;-0.0807
2019;9;WZ08-563;Bars & Clubs;14;8;22;23;-4.3;26;2.2;-0.1698
2019;8;WZ08-55;Beherbergung;7;3;10;14;-28.6;45;6.4;-0.2264
2019;8;WZ08-551;Hotels;7;3;10;14;-28.6;45;6.4;-0.0683
2019;8;WZ08-56;Gastronomie;131;52;183;168;8.9;412;29.5;0.1354
2019;8;WZ08-561;Restaurants & Cafes;97;34;131;128;2.3;350;23.8;0.0675
2019;8;WZ08-562;Caterer;9;3;12;15;-20;27;1.2;0.0029
2019;8;WZ08-563;Bars & Clubs;25;15;40;25;60;35;4.6;0.5094
2019;7;WZ08-55;Beherbergung;5;6;11;11;0;13;1.5;-0.1491
2019;7;WZ08-551;Hotels;4;6;10;10;0;13;1.4;-0.0683
2019;7;WZ08-56;Gastronomie;144;30;174;193;-9.8;335;24.8;0.0795
2019;7;WZ08-561;Restaurants & Cafes;120;23;143;147;-2.7;292;21.3;0.1653
2019;7;WZ08-562;Caterer;7;2;9;13;-30.8;12;0.4;-0.2478
2019;7;WZ08-563;Bars & Clubs;17;5;22;33;-33.3;31;3;-0.1698
2019;6;WZ08-55;Beherbergung;10;4;14;9;55.6;99;5.4;0.083
2019;6;WZ08-551;Hotels;10;4;14;9;55.6;99;5.4;0.3044
2019;6;WZ08-56;Gastronomie;125;40;165;178;-7.3;496;16.4;0.0237
2019;6;WZ08-561;Restaurants & Cafes;97;31;128;133;-3.8;412;13.5;0.0431
2019;6;WZ08-562;Caterer;11;1;12;17;-29.4;48;1.3;0.0029
2019;6;WZ08-563;Bars & Clubs;17;8;25;28;-10.7;36;1.6;-0.0566
2019;5;WZ08-55;Beherbergung;5;;5;11;-54.5;24;0.5;-0.6132
2019;5;WZ08-551;Hotels;5;;5;11;-54.5;24;0.5;-0.5341
2019;5;WZ08-56;Gastronomie;135;45;180;171;5.3;568;24;0.1168
2019;5;WZ08-561;Restaurants & Cafes;111;30;141;120;17.5;505;21.1;0.149
2019;5;WZ08-562;Caterer;9;2;11;19;-42.1;41;1.5;-0.0807
2019;5;WZ08-563;Bars & Clubs;15;13;28;32;-12.5;22;1.3;0.0566
2019;4;WZ08-55;Beherbergung;12;1;13;10;30;111;3;0.0056
2019;4;WZ08-551;Hotels;11;1;12;8;50;111;2.8;0.1181
2019;4;WZ08-56;Gastronomie;135;41;176;172;2.3;520;19.7;0.0919
2019;4;WZ08-561;Restaurants & Cafes;109;33;142;133;6.8;395;16.7;0.1571
2019;4;WZ08-562;Caterer;15;4;19;12;58.3;93;1.7;0.5879
2019;4;WZ08-563;Bars & Clubs;11;4;15;27;-44.4;32;1.4;-0.434
2019;3;WZ08-55;Beherbergung;13;2;15;18;-16.7;199;4.5;0.1604
2019;3;WZ08-551;Hotels;11;2;13;12;8.3;198;4.2;0.2112
2019;3;WZ08-56;Gastronomie;138;46;184;174;5.7;448;21.2;0.1416
2019;3;WZ08-561;Restaurants & Cafes;112;38;150;137;9.5;382;17.3;0.2223
2019;3;WZ08-562;Caterer;11;3;14;12;16.7;32;2.2;0.17
2019;3;WZ08-563;Bars & Clubs;15;5;20;25;-20;34;1.8;-0.2453
2019;2;WZ08-55;Beherbergung;5;4;9;8;12.5;38;1.8;-0.3038
2019;2;WZ08-551;Hotels;4;3;7;6;16.7;35;1.8;-0.3478
2019;2;WZ08-56;Gastronomie;129;45;174;187;-7;575;22.7;0.0795
2019;2;WZ08-561;Restaurants & Cafes;109;34;143;152;-5.9;342;16;0.1653
2019;2;WZ08-562;Caterer;7;1;8;12;-33.3;109;3.3;-0.3314
2019;2;WZ08-563;Bars & Clubs;13;10;23;23;0;124;3.4;-0.1321
2019;1;WZ08-55;Beherbergung;3;4;7;18;-61.1;13;2.1;-0.4585
2019;1;WZ08-551;Hotels;3;4;7;17;-58.8;13;2.1;-0.3478
2019;1;WZ08-56;Gastronomie;144;57;201;167;20.4;534;25.7;0.247
2019;1;WZ08-561;Restaurants & Cafes;115;42;157;133;18;401;19.7;0.2794
2019;1;WZ08-562;Caterer;10;5;15;13;15.4;55;1.8;0.2536
2019;1;WZ08-563;Bars & Clubs;19;10;29;21;38.1;78;4.2;0.0943
2018;12;WZ08-55;Beherbergung;1;2;3;14;-78.6;;0.3;-0.7679
2018;12;WZ08-551;Hotels;1;2;3;14;-78.6;;0.3;-0.7205
2018;12;WZ08-56;Gastronomie;117;48;165;138;19.6;608;22.2;0.0237
2018;12;WZ08-561;Restaurants & Cafes;97;36;133;103;29.1;520;19.8;0.0838
2018;12;WZ08-562;Caterer;6;2;8;13;-38.5;8;0.5;-0.3314
2018;12;WZ08-563;Bars & Clubs;14;10;24;22;9.1;80;1.9;-0.0943
2018;11;WZ08-55;Beherbergung;1;5;6;9;-33.3;4;0.7;-0.5359
2018;11;WZ08-551;Hotels;1;5;6;9;-33.3;4;0.7;-0.441
2018;11;WZ08-56;Gastronomie;142;52;194;182;6.6;514;24.1;0.2036
2018;11;WZ08-561;Restaurants & Cafes;106;41;147;141;4.3;443;18.5;0.1979
2018;11;WZ08-562;Caterer;6;3;9;16;-43.8;16;1.7;-0.2478
2018;11;WZ08-563;Bars & Clubs;30;8;38;25;52;55;3.9;0.434
2018;10;WZ08-55;Beherbergung;6;1;7;14;-50;26;2.1;-0.4585
2018;10;WZ08-551;Hotels;6;1;7;12;-41.7;26;2.1;-0.3478
2018;10;WZ08-56;Gastronomie;132;52;184;158;16.5;486;24.7;0.1416
2018;10;WZ08-561;Restaurants & Cafes;104;36;140;110;27.3;328;18.8;0.1409
2018;10;WZ08-562;Caterer;8;8;16;12;33.3;51;2.6;0.3372
2018;10;WZ08-563;Bars & Clubs;20;8;28;36;-22.2;107;3.3;0.0566
2018;9;WZ08-55;Beherbergung;12;2;14;10;40;71;2.7;0.083
2018;9;WZ08-551;Hotels;11;2;13;9;44.4;71;2.5;0.2112
2018;9;WZ08-56;Gastronomie;139;52;191;150;27.3;584;28;0.185
2018;9;WZ08-561;Restaurants & Cafes;108;40;148;117;26.5;362;20.6;0.206
2018;9;WZ08-562;Caterer;16;4;20;14;42.9;107;4.1;0.6715
2018;9;WZ08-563;Bars & Clubs;15;8;23;19;21.1;115;3.3;-0.1321
2018;8;WZ08-55;Beherbergung;13;1;14;14;0;33;3.3;0.083
2018;8;WZ08-551;Hotels;13;1;14;13;7.7;33;3.3;0.3044
2018;8;WZ08-56;Gastronomie;133;35;168;169;-0.6;654;19.6;0.0423
2018;8;WZ08-561;Restaurants & Cafes;97;31;128;136;-5.9;476;14.6;0.0431
2018;8;WZ08-562;Caterer;12;3;15;6;150;55;1.4;0.2536
2018;8;WZ08-563;Bars & Clubs;24;1;25;27;-7.4;123;3.6;-0.0566
2018;7;WZ08-55;Beherbergung;7;4;11;19;-42.1;132;1.5;-0.1491
2018;7;WZ08-551;Hotels;7;3;10;18;-44.4;132;1.5;-0.0683
2018;7;WZ08-56;Gastronomie;141;52;193;145;33.1;465;38.2;0.1974
2018;7;WZ08-561;Restaurants & Cafes;111;36;147;111;32.4;337;21.9;0.1979
2018;7;WZ08-562;Caterer;10;3;13;11;18.2;79;4.4;0.0865
2018;7;WZ08-563;Bars & Clubs;20;13;33;23;43.5;49;12;0.2453
2018;6;WZ08-55;Beherbergung;8;1;9;19;-52.6;81;3.3;-0.3038
2018;6;WZ08-551;Hotels;8;1;9;15;-40;81;3.3;-0.1614
2018;6;WZ08-56;Gastronomie;143;35;178;158;12.7;613;37;0.1043
2018;6;WZ08-561;Restaurants & Cafes;111;22;133;115;15.7;455;25.9;0.0838
2018;6;WZ08-562;Caterer;14;3;17;15;13.3;52;2.6;0.4207
2018;6;WZ08-563;Bars & Clubs;18;10;28;28;0;106;8.5;0.0566
2018;5;WZ08-55;Beherbergung;10;1;11;11;0;30;1.4;-0.1491
2018;5;WZ08-551;Hotels;10;1;11;11;0;30;1.4;0.0249
2018;5;WZ08-56;Gastronomie;126;45;171;178;-3.9;522;25.8;0.0609
2018;5;WZ08-561;Restaurants & Cafes;93;27;120;133;-9.8;343;20.3;-0.0221
2018;5;WZ08-562;Caterer;12;7;19;15;26.7;50;2.7;0.5879
2018;5;WZ08-563;Bars & Clubs;21;11;32;30;6.7;129;2.7;0.2075
2018;4;WZ08-55;Beherbergung;8;2;10;11;-9.1;64;3.6;-0.2264
2018;4;WZ08-551;Hotels;6;2;8;8;0;64;3.4;-0.2546
2018;4;WZ08-56;Gastronomie;121;51;172;136;26.5;503;28.8;0.0671
2018;4;WZ08-561;Restaurants & Cafes;97;36;133;109;22;48;19.9;0.0838
2018;4;WZ08-562;Caterer;10;2;12;7;71.4;37;1.4;0.0029
2018;4;WZ08-563;Bars & Clubs;14;13;27;20;35;38;7.5;0.0189
2018;3;WZ08-55;Beherbergung;16;2;18;18;0;91;6.8;0.3924
2018;3;WZ08-551;Hotels;10;2;12;16;-25;81;3.6;0.1181
2018;3;WZ08-56;Gastronomie;121;53;174;171;1.8;476;20.6;0.0795
2018;3;WZ08-561;Restaurants & Cafes;99;38;137;120;14.2;320;17.4;0.1164
2018;3;WZ08-562;Caterer;8;4;12;18;-33.3;85;1.7;0.0029
2018;3;WZ08-563;Bars & Clubs;14;11;25;33;-24.2;71;1.4;-0.0566
2018;2;WZ08-55;Beherbergung;5;3;8;6;33.3;19;0.4;-0.3811
2018;2;WZ08-551;Hotels;4;2;6;5;20;12;0.3;-0.441
2018;2;WZ08-56;Gastronomie;139;48;187;177;5.6;636;23.6;0.1602
2018;2;WZ08-561;Restaurants & Cafes;114;38;152;127;19.7;575;18.2;0.2386
2018;2;WZ08-562;Caterer;9;3;12;17;-29.4;22;1.4;0.0029
2018;2;WZ08-563;Bars & Clubs;16;7;23;33;-30.3;39;4;-0.1321
2018;1;WZ08-55;Beherbergung;15;3;18;11;63.6;131;3.4;0.3924
2018;1;WZ08-551;Hotels;14;3;17;11;54.5;108;3.3;0.5839
2018;1;WZ08-56;Gastronomie;121;46;167;168;-0.6;460;37;0.0361
2018;1;WZ08-561;Restaurants & Cafes;100;33;133;123;8.1;359;14.6;0.0838
2018;1;WZ08-562;Caterer;7;6;13;10;30;94;2.4;0.0865
2018;1;WZ08-563;Bars & Clubs;14;7;21;35;-40;7;19.9;-0.2075
2017;12;WZ08-55;Beherbergung;11;3;14;12;16.7;47;2.3;0.083
2017;12;WZ08-551;Hotels;11;3;14;10;40;47;2.3;0.3044
2017;12;WZ08-56;Gastronomie;102;36;138;159;-13.2;366;17;-0.1438
2017;12;WZ08-561;Restaurants & Cafes;72;31;103;121;-14.9;280;12.2;-0.1607
2017;12;WZ08-562;Caterer;10;3;13;14;-7.1;66;1.5;0.0865
2017;12;WZ08-563;Bars & Clubs;20;2;22;24;-8.3;20;3.3;-0.1698
2017;11;WZ08-55;Beherbergung;8;1;9;10;-10;21;2.5;-0.3038
2017;11;WZ08-551;Hotels;8;1;9;9;0;21;2.5;-0.1614
2017;11;WZ08-56;Gastronomie;130;52;182;197;-7.6;1209;44;0.1292
2017;11;WZ08-561;Restaurants & Cafes;106;35;141;152;-7.2;662;23.5;0.149
2017;11;WZ08-562;Caterer;14;2;16;14;14.3;516;18.6;0.3372
2017;11;WZ08-563;Bars & Clubs;10;15;25;31;-19.4;31;1.8;-0.0566
2017;10;WZ08-55;Beherbergung;14;;14;10;40;28;4;0.083
2017;10;WZ08-551;Hotels;12;;12;8;50;28;3.1;0.1181
2017;10;WZ08-56;Gastronomie;123;35;158;154;2.6;453;22.9;-0.0197
2017;10;WZ08-561;Restaurants & Cafes;86;24;110;113;-2.7;331;16.2;-0.1036
2017;10;WZ08-562;Caterer;10;2;12;10;20;58;2.4;0.0029
2017;10;WZ08-563;Bars & Clubs;27;9;36;31;16.1;64;4.2;0.3585
2017;9;WZ08-55;Beherbergung;8;2;10;14;-28.6;30;4.4;-0.2264
2017;9;WZ08-551;Hotels;7;2;9;14;-35.7;30;4.2;-0.1614
2017;9;WZ08-56;Gastronomie;112;38;150;184;-18.5;582;20.9;-0.0694
2017;9;WZ08-561;Restaurants & Cafes;86;31;117;137;-14.6;314;15.6;-0.0466
2017;9;WZ08-562;Caterer;12;2;14;16;-13;159;3;0.17
2017;9;WZ08-563;Bars & Clubs;14;5;19;31;-39;109;3;-0.283
2017;8;WZ08-55;Beherbergung;10;4;14;12;17;106;3;0.083
2017;8;WZ08-551;Hotels;9;4;13;12;8;96;2;0.2112
2017;8;WZ08-56;Gastronomie;122;47;169;192;-12;463;28;0.0485
2017;8;WZ08-561;Restaurants & Cafes;98;38;136;136;0;428;26;0.1083
2017;8;WZ08-562;Caterer;6;;6;21;-71;;0;-0.4986
2017;8;WZ08-563;Bars & Clubs;18;9;27;35;-23;35;2;0.0189
2017;7;WZ08-55;Beherbergung;14;5;19;12;58.3;148;5;0.4698
2017;7;WZ08-551;Hotels;14;4;18;12;50;148;5;0.6771
2017;7;WZ08-56;Gastronomie;107;38;145;202;-28.2;363;16.2;-0.1004
2017;7;WZ08-561;Restaurants & Cafes;84;27;111;152;-27;287;13.8;-0.0955
2017;7;WZ08-562;Caterer;7;4;11;20;-45;7;0.5;-0.0807
2017;7;WZ08-563;Bars & Clubs;16;7;23;30;-23.3;69;1.9;-0.1321
2017;6;WZ08-55;Beherbergung;16;3;19;14;35.7;180;89.5;0.4698
2017;6;WZ08-551;Hotels;12;3;15;13;15.4;97;3.5;0.3976
2017;6;WZ08-56;Gastronomie;119;39;158;215;-26.5;451;21.9;-0.0197
2017;6;WZ08-561;Restaurants & Cafes;88;27;115;162;-29;378;16.7;-0.0629
2017;6;WZ08-562;Caterer;11;4;15;18;-16.7;50;2.4;0.2536
2017;6;WZ08-563;Bars & Clubs;20;8;28;35;-20;23;2.8;0.0566
2017;5;WZ08-55;Beherbergung;8;3;11;14;-21.4;47;1.8;-0.1491
2017;5;WZ08-551;Hotels;8;3;11;14;-21.4;47;1.8;0.0249
2017;5;WZ08-56;Gastronomie;139;39;178;158;12.7;508;31.4;0.1043
2017;5;WZ08-561;Restaurants & Cafes;105;28;133;118;12.7;360;23.7;0.0838
2017;5;WZ08-562;Caterer;12;3;15;10;50;63;2.8;0.2536
2017;5;WZ08-563;Bars & Clubs;22;8;30;30;0;85;4.9;0.1321
2017;4;WZ08-55;Beherbergung;6;5;11;16;-31.3;8;3.8;-0.1491
2017;4;WZ08-551;Hotels;4;4;8;13;-38.5;5;3.5;-0.2546
2017;4;WZ08-56;Gastronomie;92;44;136;219;-37.9;377;15.7;-0.1562
2017;4;WZ08-561;Restaurants & Cafes;77;32;109;157;-30.6;262;12.9;-0.1118
2017;4;WZ08-562;Caterer;5;2;7;16;-56.3;28;0.6;-0.415
2017;4;WZ08-563;Bars & Clubs;10;10;20;46;-56.5;87;2.2;-0.2453
2017;3;WZ08-55;Beherbergung;13;5;18;7;157.1;171;9.2;0.3924
2017;3;WZ08-551;Hotels;12;4;16;6;166.7;139;7.4;0.4908
2017;3;WZ08-56;Gastronomie;132;39;171;174;-1.7;511;22.2;0.0609
2017;3;WZ08-561;Restaurants & Cafes;97;23;120;138;-13;332;17.4;-0.0221
2017;3;WZ08-562;Caterer;12;6;18;13;38.5;99;2.1;0.5043
2017;3;WZ08-563;Bars & Clubs;23;10;33;23;43.5;80;2.6;0.2453
2017;2;WZ08-55;Beherbergung;5;1;6;11;-45.5;31;0.8;-0.5359
2017;2;WZ08-551;Hotels;5;;5;10;-50;31;0.8;-0.5341
2017;2;WZ08-56;Gastronomie;142;35;177;169;4.7;608;27.7;0.0981
2017;2;WZ08-561;Restaurants & Cafes;103;24;127;127;0;485;20.7;0.0349
2017;2;WZ08-562;Caterer;15;2;17;10;70;54;3.6;0.4207
2017;2;WZ08-563;Bars & Clubs;24;9;33;32;3.1;69;3.4;0.2453
2017;1;WZ08-55;Beherbergung;5;6;11;6;83.3;16;35.4;-0.1491
2017;1;WZ08-551;Hotels;5;6;11;6;83.3;;;0.0249
2017;1;WZ08-56;Gastronomie;124;44;168;178;-5.6;440;19.3;0.0423
2017;1;WZ08-561;Restaurants & Cafes;96;27;123;140;-12.1;298;14.7;0.0023
2017;1;WZ08-562;Caterer;8;2;10;13;-23.1;51;1.6;-0.1643
2017;1;WZ08-563;Bars & Clubs;20;15;35;25;40;91;3.1;0.3208
2016;12;WZ08-55;Beherbergung;10;2;12;16;-25;17;3.4;-0.0717
2016;12;WZ08-551;Hotels;8;2;10;16;-37.5;;;-0.0683
2016;12;WZ08-56;Gastronomie;126;33;159;185;-14.1;695;28.3;-0.0135
2016;12;WZ08-561;Restaurants & Cafes;98;23;121;139;-12.9;541;20.8;-0.014
2016;12;WZ08-562;Caterer;12;2;14;10;40;120;5.3;0.17
2016;12;WZ08-563;Bars & Clubs;16;8;24;36;-33.3;34;2.2;-0.0943
2016;11;WZ08-55;Beherbergung;8;2;10;18;-44.4;86;14.8;-0.2264
2016;11;WZ08-551;Hotels;8;1;9;17;-47.1;86;14.7;-0.1614
2016;11;WZ08-56;Gastronomie;136;61;197;185;6.5;409;19.8;0.2222
2016;11;WZ08-561;Restaurants & Cafes;107;45;152;139;9.4;289;14.9;0.2386
2016;11;WZ08-562;Caterer;8;6;14;9;55.6;27;1.8;0.17
2016;11;WZ08-563;Bars & Clubs;21;10;31;37;-16.2;93;3.1;0.1698
2016;10;WZ08-55;Beherbergung;9;1;10;17;-41.2;77;2.8;-0.2264
2016;10;WZ08-551;Hotels;8;;8;15;-46.7;77;2.4;-0.2546
2016;10;WZ08-56;Gastronomie;125;29;154;193;-20.2;379;20.6;-0.0446
2016;10;WZ08-561;Restaurants & Cafes;90;23;113;148;-23.6;296;16.6;-0.0792
2016;10;WZ08-562;Caterer;8;2;10;13;-23.1;59;1;-0.1643
2016;10;WZ08-563;Bars & Clubs;27;4;31;32;-3.1;24;3;0.1698
2016;9;WZ08-55;Beherbergung;12;2;14;10;40;116;6.5;0.083
2016;9;WZ08-551;Hotels;12;2;14;8;75;116;6.5;0.3044
2016;9;WZ08-56;Gastronomie;143;41;184;165;11.5;521;29.3;0.1416
2016;9;WZ08-561;Restaurants & Cafes;109;28;137;127;7.9;392;24.4;0.1164
2016;9;WZ08-562;Caterer;11;5;16;10;60;109;1;0.3372
2016;9;WZ08-563;Bars & Clubs;23;8;31;28;10.7;20;3.9;0.1698
2016;8;WZ08-55;Beherbergung;9;3;12;15;-20;94;15.4;-0.0717
2016;8;WZ08-551;Hotels;9;3;12;15;-20;94;15.4;0.1181
2016;8;WZ08-56;Gastronomie;144;48;192;178;7.9;640;30.3;0.1912
2016;8;WZ08-561;Restaurants & Cafes;103;33;136;152;-10.5;456;24.9;0.1083
2016;8;WZ08-562;Caterer;18;3;21;4;425;106;2.5;0.755
2016;8;WZ08-563;Bars & Clubs;23;12;35;22;59.1;78;2.9;0.3208
2016;7;WZ08-55;Beherbergung;10;2;12;13;-7.7;62;3;-0.0717
2016;7;WZ08-551;Hotels;10;2;12;12;0;62;3;0.1181
2016;7;WZ08-56;Gastronomie;152;50;202;208;-2.9;473;25.1;0.2532
2016;7;WZ08-561;Restaurants & Cafes;116;36;152;146;4.1;421;19.4;0.2386
2016;7;WZ08-562;Caterer;13;7;20;15;33.3;12;2.5;0.6715
2016;7;WZ08-563;Bars & Clubs;23;7;30;47;-36.2;40;3.2;0.1321
2016;6;WZ08-55;Beherbergung;11;3;14;19;-26.3;146;32;0.083
2016;6;WZ08-551;Hotels;10;3;13;19;-31.6;145;29;0.2112
2016;6;WZ08-56;Gastronomie;166;49;215;213;0.9;771;36.4;0.3339
2016;6;WZ08-561;Restaurants & Cafes;130;32;162;154;5.2;613;28;0.3201
2016;6;WZ08-562;Caterer;12;6;18;10;80;35;4.3;0.5043
2016;6;WZ08-563;Bars & Clubs;24;11;35;49;-28.6;123;4.1;0.3208
2016;5;WZ08-55;Beherbergung;10;4;14;10;40;62;12.7;0.083
2016;5;WZ08-551;Hotels;10;4;14;9;55.6;62;12.7;0.3044
2016;5;WZ08-56;Gastronomie;113;45;158;162;-2.5;321;13.6;-0.0197
2016;5;WZ08-561;Restaurants & Cafes;87;31;118;118;0;215;10.8;-0.0384
2016;5;WZ08-562;Caterer;6;4;10;13;-23.1;28;0.9;-0.1643
2016;5;WZ08-563;Bars & Clubs;20;10;30;31;-3.2;78;2;0.1321
2016;4;WZ08-55;Beherbergung;11;5;16;24;-33.3;252;18.1;0.2377
2016;4;WZ08-551;Hotels;10;3;13;23;-43.5;251;18;0.2112
2016;4;WZ08-56;Gastronomie;164;55;219;158;38.6;320;26.8;0.3587
2016;4;WZ08-561;Restaurants & Cafes;124;33;157;118;33.1;297;21.1;0.2794
2016;4;WZ08-562;Caterer;9;7;16;16;0;12;1.1;0.3372
2016;4;WZ08-563;Bars & Clubs;31;15;46;24;91.7;11;4.5;0.7358
2016;3;WZ08-55;Beherbergung;6;1;7;18;-61.1;9;9.2;-0.4585
2016;3;WZ08-551;Hotels;5;1;6;16;-62.5;9;9.1;-0.441
2016;3;WZ08-56;Gastronomie;137;37;174;184;-5.4;611;21.3;0.0795
2016;3;WZ08-561;Restaurants & Cafes;114;24;138;133;3.8;434;16.8;0.1246
2016;3;WZ08-562;Caterer;9;4;13;13;0;139;1.4;0.0865
2016;3;WZ08-563;Bars & Clubs;14;9;23;38;-39.5;38;3.1;-0.1321
2016;2;WZ08-55;Beherbergung;11;;11;20;-45;59;5.2;-0.1491
2016;2;WZ08-551;Hotels;10;;10;19;-47.4;59;4.9;-0.0683
2016;2;WZ08-56;Gastronomie;129;40;169;183;-7.7;368;19.2;0.0485
2016;2;WZ08-561;Restaurants & Cafes;99;28;127;122;4.1;304;13.4;0.0349
2016;2;WZ08-562;Caterer;7;3;10;13;-23.1;2;1.7;-0.1643
2016;2;WZ08-563;Bars & Clubs;23;9;32;48;-33.3;62;4.1;0.2075
2016;1;WZ08-55;Beherbergung;4;2;6;15;-60;11;1.4;-0.5359
2016;1;WZ08-551;Hotels;4;2;6;12;-50;11;1.4;-0.441
2016;1;WZ08-56;Gastronomie;140;38;178;181;-1.7;470;26.1;0.1043
2016;1;WZ08-561;Restaurants & Cafes;108;32;140;129;8.5;362;18.4;0.1409
2016;1;WZ08-562;Caterer;10;3;13;9;44.4;48;2.4;0.0865
2016;1;WZ08-563;Bars & Clubs;22;3;25;43;-41.9;60;5.3;-0.0566
2015;12;WZ08-55;Beherbergung;12;4;16;15;6.7;84;5.6;0.2377
2015;12;WZ08-551;Hotels;12;4;16;14;14.3;84;5.6;0.4908
2015;12;WZ08-56;Gastronomie;145;40;185;184;0.5;543;24.5;0.1478
2015;12;WZ08-561;Restaurants & Cafes;108;31;139;140;-0.7;499;19.7;0.1327
2015;12;WZ08-562;Caterer;7;3;10;14;-28.6;13;0.8;-0.1643
2015;12;WZ08-563;Bars & Clubs;30;6;36;30;20;31;4.1;0.3585
2015;11;WZ08-55;Beherbergung;9;9;18;17;5.9;47;5;0.3924
2015;11;WZ08-551;Hotels;8;9;17;16;6.3;46;4.6;0.5839
2015;11;WZ08-56;Gastronomie;133;52;185;184;0.5;433;24.6;0.1478
2015;11;WZ08-561;Restaurants & Cafes;101;38;139;142;-2.1;356;18.2;0.1327
2015;11;WZ08-562;Caterer;6;3;9;14;-35.7;30;3.3;-0.2478
2015;11;WZ08-563;Bars & Clubs;26;11;37;28;32.1;47;3.1;0.3962
2015;10;WZ08-55;Beherbergung;15;2;17;8;112.5;109;5.4;0.3151
2015;10;WZ08-551;Hotels;13;2;15;8;87.5;107;4.3;0.3976
2015;10;WZ08-56;Gastronomie;153;40;193;201;-4;598;27.4;0.1974
2015;10;WZ08-561;Restaurants & Cafes;118;30;148;167;-11.4;473;22.2;0.206
2015;10;WZ08-562;Caterer;11;2;13;10;30;29;2.4;0.0865
2015;10;WZ08-563;Bars & Clubs;24;8;32;24;33.3;96;2.8;0.2075
2015;9;WZ08-55;Beherbergung;8;2;10;13;-23.1;26;4;-0.2264
2015;9;WZ08-551;Hotels;6;2;8;11;-27.3;16;2.3;-0.2546
2015;9;WZ08-56;Gastronomie;135;30;165;177;-6.8;559;20.8;0.0237
2015;9;WZ08-561;Restaurants & Cafes;104;23;127;138;-8;386;14.9;0.0349
2015;9;WZ08-562;Caterer;7;3;10;4;150;87;2.3;-0.1643
2015;9;WZ08-563;Bars & Clubs;24;4;28;35;-20;86;3.5;0.0566
2015;8;WZ08-55;Beherbergung;13;2;15;8;87.5;66;2.7;0.1604
2015;8;WZ08-551;Hotels;13;2;15;7;114.3;66;2.7;0.3976
2015;8;WZ08-56;Gastronomie;145;33;178;198;-10.1;390;17.8;0.1043
2015;8;WZ08-561;Restaurants & Cafes;125;27;152;147;3.4;334;16;0.2386
2015;8;WZ08-562;Caterer;3;1;4;10;-60;41;0.3;-0.6657
2015;8;WZ08-563;Bars & Clubs;17;5;22;41;-46.3;15;1.5;-0.1698
2015;7;WZ08-55;Beherbergung;10;3;13;17;-23.5;86;4;0.0056
2015;7;WZ08-551;Hotels;9;3;12;15;-20;86;3.3;0.1181
2015;7;WZ08-56;Gastronomie;158;50;208;206;1;588;27.2;0.2905
2015;7;WZ08-561;Restaurants & Cafes;109;37;146;145;0.7;477;17.9;0.1897
2015;7;WZ08-562;Caterer;13;2;15;17;-11.8;72;5;0.2536
2015;7;WZ08-563;Bars & Clubs;36;11;47;44;6.8;39;4.4;0.7736
2015;6;WZ08-55;Beherbergung;13;6;19;12;58.3;181;4.9;0.4698
2015;6;WZ08-551;Hotels;13;6;19;12;58.3;181;4.9;0.7703
2015;6;WZ08-56;Gastronomie;166;47;213;133;60.2;460;24;0.3215
2015;6;WZ08-561;Restaurants & Cafes;125;29;154;108;42.6;347;17.3;0.2549
2015;6;WZ08-562;Caterer;8;2;10;8;25;18;1;-0.1643
2015;6;WZ08-563;Bars & Clubs;33;16;49;17;188.2;95;5.8;0.8491
2015;5;WZ08-55;Beherbergung;9;1;10;6;66.7;123;11.5;-0.2264
2015;5;WZ08-551;Hotels;8;1;9;5;80;123;11.5;-0.1614
2015;5;WZ08-56;Gastronomie;119;43;162;189;-14.3;301;26.1;0.0051
2015;5;WZ08-561;Restaurants & Cafes;87;31;118;145;-18.6;235;17;-0.0384
2015;5;WZ08-562;Caterer;9;4;13;15;-13.3;34;1.3;0.0865
2015;5;WZ08-563;Bars & Clubs;23;8;31;29;6.9;32;7.8;0.1698
2015;4;WZ08-55;Beherbergung;21;3;24;18;33.3;225;9.9;0.8566
2015;4;WZ08-551;Hotels;20;3;23;18;27.8;195;9.5;1.143
2015;4;WZ08-56;Gastronomie;119;39;158;186;-15.1;432;25.1;-0.0197
2015;4;WZ08-561;Restaurants & Cafes;90;28;118;133;-11.3;361;21.2;-0.0384
2015;4;WZ08-562;Caterer;8;8;16;15;6.7;58;2.4;0.3372
2015;4;WZ08-563;Bars & Clubs;21;3;24;38;-36.8;13;1.5;-0.0943
2015;3;WZ08-55;Beherbergung;16;2;18;16;12.5;141;5.4;0.3924
2015;3;WZ08-551;Hotels;14;2;16;15;6.7;138;2.8;0.4908
2015;3;WZ08-56;Gastronomie;141;43;184;169;8.9;493;24.5;0.1416
2015;3;WZ08-561;Restaurants & Cafes;104;29;133;128;3.9;387;14.2;0.0838
2015;3;WZ08-562;Caterer;9;4;13;12;8.3;6;1.9;0.0865
2015;3;WZ08-563;Bars & Clubs;28;10;38;29;31;100;8.4;0.434
2015;2;WZ08-55;Beherbergung;17;3;20;17;17.6;119;4.2;0.5471
2015;2;WZ08-551;Hotels;16;3;19;15;26.7;119;4.1;0.7703
2015;2;WZ08-56;Gastronomie;142;41;183;184;-0.5;740;23.7;0.1354
2015;2;WZ08-561;Restaurants & Cafes;98;24;122;136;-10.3;524;16.4;-0.0058
2015;2;WZ08-562;Caterer;8;5;13;11;18.2;40;2;0.0865
2015;2;WZ08-563;Bars & Clubs;36;12;48;37;29.7;176;5.3;0.8113
2015;1;WZ08-55;Beherbergung;11;4;15;12;25;34;12;0.1604
2015;1;WZ08-551;Hotels;8;4;12;9;33.3;29;11.7;0.1181
2015;1;WZ08-56;Gastronomie;134;47;181;180;0.6;856;29.4;0.123
2015;1;WZ08-561;Restaurants & Cafes;97;32;129;130;-0.8;569;21.5;0.0512
2015;1;WZ08-562;Caterer;7;2;9;14;-35.7;157;1.6;-0.2478
2015;1;WZ08-563;Bars & Clubs;30;13;43;36;19.4;130;6.2;0.6226
2014;12;WZ08-55;Beherbergung;14;1;15;11;36.4;76;12;0.1604
2014;12;WZ08-551;Hotels;13;1;14;10;40;69;11.3;0.3044
2014;12;WZ08-56;Gastronomie;132;52;184;154;19.5;689;23.4;0.1416
2014;12;WZ08-561;Restaurants & Cafes;105;35;140;114;22.8;494;19.4;0.1409
2014;12;WZ08-562;Caterer;9;5;14;10;40;45;1.5;0.17
2014;12;WZ08-563;Bars & Clubs;18;12;30;30;0;150;2.6;0.1321
2014;11;WZ08-55;Beherbergung;10;7;17;19;-10.5;55;2.6;0.3151
2014;11;WZ08-551;Hotels;9;7;16;18;-11.1;55;2.1;0.4908
2014;11;WZ08-56;Gastronomie;140;44;184;174;5.7;413;21.2;0.1416
2014;11;WZ08-561;Restaurants & Cafes;104;38;142;125;13.6;318;17.1;0.1571
2014;11;WZ08-562;Caterer;13;1;14;10;40;45;1.7;0.17
2014;11;WZ08-563;Bars & Clubs;23;5;28;39;-28.2;50;2.4;0.0566
2014;10;WZ08-55;Beherbergung;7;1;8;17;-52.9;18;3.3;-0.3811
2014;10;WZ08-551;Hotels;7;1;8;13;-38.5;18;3.3;-0.2546
2014;10;WZ08-56;Gastronomie;148;53;201;191;5.2;741;34.7;0.247
2014;10;WZ08-561;Restaurants & Cafes;125;42;167;144;16;582;31.4;0.3609
2014;10;WZ08-562;Caterer;7;3;10;13;-23.1;121;0.9;-0.1643
2014;10;WZ08-563;Bars & Clubs;16;8;24;34;-29.4;38;2.4;-0.0943
2014;9;WZ08-55;Beherbergung;11;2;13;19;-31.6;30;2.6;0.0056
2014;9;WZ08-551;Hotels;9;2;11;18;-38.9;24;2.2;0.0249
2014;9;WZ08-56;Gastronomie;141;36;177;178;-0.6;538;22.5;0.0981
2014;9;WZ08-561;Restaurants & Cafes;109;29;138;129;7;446;19.1;0.1246
2014;9;WZ08-562;Caterer;3;1;4;11;-63.6;4;0.4;-0.6657
2014;9;WZ08-563;Bars & Clubs;29;6;35;38;-7.9;88;2.9;0.3208
2014;8;WZ08-55;Beherbergung;8;;8;16;-50;74;1.3;-0.3811
2014;8;WZ08-551;Hotels;7;;7;15;-53.3;70;1.2;-0.3478
2014;8;WZ08-56;Gastronomie;139;59;198;201;-1.5;449;25.5;0.2284
2014;8;WZ08-561;Restaurants & Cafes;101;46;147;144;2.1;315;16;0.1979
2014;8;WZ08-562;Caterer;8;2;10;22;-54.5;27;3.9;-0.1643
2014;8;WZ08-563;Bars & Clubs;30;11;41;35;17.1;107;5.6;0.5472
2014;7;WZ08-55;Beherbergung;11;6;17;22;-22.7;170;6.2;0.3151
2014;7;WZ08-551;Hotels;10;5;15;20;-25;163;4.9;0.3976
2014;7;WZ08-56;Gastronomie;146;60;206;223;-7.6;415;38.8;0.2781
2014;7;WZ08-561;Restaurants & Cafes;100;45;145;175;-17.1;272;32.9;0.1816
2014;7;WZ08-562;Caterer;10;7;17;18;-5.6;44;1.7;0.4207
2014;7;WZ08-563;Bars & Clubs;36;8;44;30;46.7;99;4.3;0.6604
2014;6;WZ08-55;Beherbergung;8;4;12;23;-47.8;114;2.8;-0.0717
2014;6;WZ08-551;Hotels;8;4;12;19;-36.8;114;2.8;0.1181
2014;6;WZ08-56;Gastronomie;108;25;133;191;-30.4;317;16.7;-0.1748
2014;6;WZ08-561;Restaurants & Cafes;84;24;108;144;-25;246;14;-0.1199
2014;6;WZ08-562;Caterer;8;;8;13;-38.5;45;0.3;-0.3314
2014;6;WZ08-563;Bars & Clubs;16;1;17;34;-50;26;2.4;-0.3585
2014;5;WZ08-55;Beherbergung;5;1;6;15;-60;94;1.3;-0.5359
2014;5;WZ08-551;Hotels;4;1;5;13;-61.5;92;1.3;-0.5341
2014;5;WZ08-56;Gastronomie;142;47;189;186;1.6;618;23.6;0.1726
2014;5;WZ08-561;Restaurants & Cafes;108;37;145;147;-1.4;480;18.8;0.1816
2014;5;WZ08-562;Caterer;11;4;15;12;25;106;2.7;0.2536
2014;5;WZ08-563;Bars & Clubs;23;6;29;27;7.4;32;2;0.0943
2014;4;WZ08-55;Beherbergung;17;1;18;27;-33.3;131;10.6;0.3924
2014;4;WZ08-551;Hotels;17;1;18;23;-21.7;131;10.6;0.6771
2014;4;WZ08-56;Gastronomie;143;43;186;197;-5.6;533;29.6;0.154
2014;4;WZ08-561;Restaurants & Cafes;102;31;133;141;-5.7;375;22.2;0.0838
2014;4;WZ08-562;Caterer;13;2;15;14;7.1;66;3.7;0.2536
2014;4;WZ08-563;Bars & Clubs;28;10;38;42;-9.5;92;3.7;0.434
2014;3;WZ08-55;Beherbergung;17;1;18;27;-33.3;131;10.6;0.3924
2014;3;WZ08-551;Hotels;17;1;18;23;-21.7;131;10.6;0.6771
2014;3;WZ08-56;Gastronomie;143;43;186;197;-5.6;533;29.6;0.154
2014;3;WZ08-561;Restaurants & Cafes;102;31;133;141;-5.7;375;22.2;0.0838
2014;3;WZ08-562;Caterer;13;2;15;14;7.1;66;3.7;0.2536
2014;3;WZ08-563;Bars & Clubs;28;10;38;42;-9.5;92;3.7;0.434
2014;2;WZ08-55;Beherbergung;13;4;17;13;30.8;46;2.7;0.3151
2014;2;WZ08-551;Hotels;13;2;15;12;25;40;2.5;0.3976
2014;2;WZ08-56;Gastronomie;133;51;184;190;-3.2;793;35.6;0.1416
2014;2;WZ08-561;Restaurants & Cafes;102;34;136;131;3.8;397;20.7;0.1083
2014;2;WZ08-562;Caterer;8;3;11;14;-21.4;315;10;-0.0807
2014;2;WZ08-563;Bars & Clubs;23;14;37;45;-17.8;81;5;0.3962
2014;1;WZ08-55;Beherbergung;10;2;12;19;-36.8;121;2;-0.0717
2014;1;WZ08-551;Hotels;7;2;9;19;-52.6;49;1.1;-0.1614
2014;1;WZ08-56;Gastronomie;146;34;180;225;-20;826;38.7;0.1168
2014;1;WZ08-561;Restaurants & Cafes;106;24;130;167;-22.2;686;20.5;0.0594
2014;1;WZ08-562;Caterer;12;2;14;12;16.7;39;1.3;0.17
2014;1;WZ08-563;Bars & Clubs;28;8;36;46;-21.7;101;16.8;0.3585
2013;12;WZ08-55;Beherbergung;6;5;11;17;-35.3;34;2;-0.1491
2013;12;WZ08-551;Hotels;6;4;10;15;-33.3;33;1.6;-0.0683
2013;12;WZ08-56;Gastronomie;113;41;154;208;-26;502;21.1;-0.0446
2013;12;WZ08-561;Restaurants & Cafes;83;31;114;149;-23.5;424;17.6;-0.071
2013;12;WZ08-562;Caterer;8;2;10;11;-9.1;47;0.8;-0.1643
2013;12;WZ08-563;Bars & Clubs;22;8;30;48;-37.5;31;2.8;0.1321
2013;11;WZ08-55;Beherbergung;16;3;19;21;-9.5;78;4.9;0.4698
2013;11;WZ08-551;Hotels;16;2;18;21;-14.3;78;4.9;0.6771
2013;11;WZ08-56;Gastronomie;137;37;174;222;-21.6;448;24.7;0.0795
2013;11;WZ08-561;Restaurants & Cafes;99;26;125;146;-14.4;377;18.2;0.0186
2013;11;WZ08-562;Caterer;6;4;10;10;0;31;0.8;-0.1643
2013;11;WZ08-563;Bars & Clubs;32;7;39;66;-40.9;40;5.7;0.4717
2013;10;WZ08-55;Beherbergung;14;3;17;11;54.5;69;6.2;0.3151
2013;10;WZ08-551;Hotels;10;3;13;10;30;63;3.2;0.2112
2013;10;WZ08-56;Gastronomie;144;47;191;249;-23.3;529;31.3;0.185
2013;10;WZ08-561;Restaurants & Cafes;109;35;144;176;-18.2;443;19.6;0.1734
2013;10;WZ08-562;Caterer;9;4;13;13;0;24;5.4;0.0865
2013;10;WZ08-563;Bars & Clubs;26;8;34;60;-43.3;62;6.3;0.283
2013;9;WZ08-55;Beherbergung;15;4;19;20;-5;95;4.3;0.4698
2013;9;WZ08-551;Hotels;14;4;18;18;0;95;4.3;0.6771
2013;9;WZ08-56;Gastronomie;133;45;178;200;-11;489;29.7;0.1043
2013;9;WZ08-561;Restaurants & Cafes;96;33;129;136;-5.1;344;15.6;0.0512
2013;9;WZ08-562;Caterer;10;1;11;12;-8.3;64;2.6;-0.0807
2013;9;WZ08-563;Bars & Clubs;27;11;38;52;-26.9;81;11.5;0.434
2013;8;WZ08-55;Beherbergung;12;4;16;20;-20;31;3.1;0.2377
2013;8;WZ08-551;Hotels;12;3;15;19;-21.1;31;3.1;0.3976
2013;8;WZ08-56;Gastronomie;155;46;201;211;-4.7;581;24.4;0.247
2013;8;WZ08-561;Restaurants & Cafes;107;37;144;141;2.1;361;18;0.1734
2013;8;WZ08-562;Caterer;15;7;22;14;57.1;93;3.2;0.8386
2013;8;WZ08-563;Bars & Clubs;33;2;35;56;-37.5;127;3.2;0.3208
2013;7;WZ08-55;Beherbergung;17;5;22;21;4.8;170;8.8;0.7019
2013;7;WZ08-551;Hotels;16;4;20;16;25;150;8.4;0.8635
2013;7;WZ08-56;Gastronomie;186;37;223;255;-12.5;619;28;0.3835
2013;7;WZ08-561;Restaurants & Cafes;154;21;175;184;-4.9;515;22.3;0.4261
2013;7;WZ08-562;Caterer;11;7;18;14;28.6;51;1.9;0.5043
2013;7;WZ08-563;Bars & Clubs;21;9;30;57;-47.4;53;3.8;0.1321
2013;6;WZ08-55;Beherbergung;16;7;23;16;43.8;100;7801;0.7792
2013;6;WZ08-551;Hotels;14;5;19;15;26.7;91;7264;0.7703
2013;6;WZ08-56;Gastronomie;149;42;191;247;-22.7;375;25467;0.185
2013;6;WZ08-561;Restaurants & Cafes;110;34;144;167;-13.8;307;18135;0.1734
2013;6;WZ08-562;Caterer;11;2;13;12;8.3;15;3061;0.0865
2013;6;WZ08-563;Bars & Clubs;28;6;34;68;-50;53;4271;0.283
2013;5;WZ08-55;Beherbergung;15;0;15;18;-16.7;430;24954;0.1604
2013;5;WZ08-551;Hotels;13;0;13;16;-18.8;428;24246;0.2112
2013;5;WZ08-56;Gastronomie;142;44;186;229;-18.8;983;27630;0.154
2013;5;WZ08-561;Restaurants & Cafes;113;34;147;156;-5.8;420;21988;0.1979
2013;5;WZ08-562;Caterer;8;4;12;12;0;514;1426;0.0029
2013;5;WZ08-563;Bars & Clubs;21;6;27;61;-55.7;49;4216;0.0189
2013;4;WZ08-55;Beherbergung;19;8;27;25;8;78;6184;1.0886
2013;4;WZ08-551;Hotels;15;8;23;18;27.8;72;5878;1.143
2013;4;WZ08-56;Gastronomie;155;42;197;255;-22.7;492;22751;0.2222
2013;4;WZ08-561;Restaurants & Cafes;111;30;141;176;-19.9;387;18005;0.149
2013;4;WZ08-562;Caterer;12;2;14;12;16.7;30;1134;0.17
2013;4;WZ08-563;Bars & Clubs;32;10;42;67;-37.3;75;3612;0.5849
2013;3;WZ08-55;Beherbergung;20;3;23;21;9.5;68;3952;0.7792
2013;3;WZ08-551;Hotels;19;3;22;18;22.2;67;3166;1.0498
2013;3;WZ08-56;Gastronomie;157;47;204;273;-25.3;393;29029;0.2657
2013;3;WZ08-561;Restaurants & Cafes;107;34;141;193;-26.9;264;19991;0.149
2013;3;WZ08-562;Caterer;11;4;15;14;7.1;43;1945;0.2536
2013;3;WZ08-563;Bars & Clubs;39;9;48;66;-27.3;86;7093;0.8113
2013;2;WZ08-55;Beherbergung;9;4;13;13;0;166;7463;0.0056
2013;2;WZ08-551;Hotels;9;3;12;11;9.1;160;7277;0.1181
2013;2;WZ08-56;Gastronomie;155;35;190;236;-19.5;472;31988;0.1788
2013;2;WZ08-561;Restaurants & Cafes;106;25;131;160;-18.1;317;21600;0.0675
2013;2;WZ08-562;Caterer;12;2;14;9;55.6;17;1103;0.17
2013;2;WZ08-563;Bars & Clubs;37;8;45;67;-32.8;138;9285;0.6981
2013;1;WZ08-55;Beherbergung;14;5;19;14;35.7;88;5382;0.4698
2013;1;WZ08-551;Hotels;14;5;19;11;72.7;88;5382;0.7703
2013;1;WZ08-56;Gastronomie;174;51;225;209;7.7;553;23540;0.3959
2013;1;WZ08-561;Restaurants & Cafes;129;38;167;132;26.5;403;16554;0.3609
2013;1;WZ08-562;Caterer;11;1;12;9;33.3;42;1367;0.0029
2013;1;WZ08-563;Bars & Clubs;34;12;46;68;-32.4;108;5619;0.7358